epoch,train_loss,validation_loss
1.0,1.4281968570890882,1.2003792615584385
2.0,1.1375544911969906,0.7713359394191224
3.0,0.7024073045720499,0.6704901096261577
4.0,0.657520060375254,0.6421337305763621
5.0,0.638501758739431,0.6284919719637176
6.0,0.6274907736551194,0.6302229133653052
7.0,0.6237281389968105,0.6159601361663253
8.0,0.615696061540533,0.6172341752935339
9.0,0.6117643876365884,0.6081026439313535
10.0,0.6089014944576082,0.60490423573388
