pair_id,artifact_type,target_snr_db,measured_snr_db,rmse_clean_vs_noisy,rrmse_clean_vs_noisy,epochs_used,samples_per_epoch
1,blink,-5.0,-5.0,428.056082,1.778279,5,512
2,muscle,-5.0,-5.0,428.056082,1.778279,5,512
3,mixed,-5.0,-5.0,428.056082,1.778279,5,512
4,blink,0.0,-0.0,240.713625,1.0,5,512
5,muscle,0.0,-0.0,240.713625,1.0,5,512
6,mixed,0.0,-0.0,240.713625,1.0,5,512
7,blink,5.0,5.0,135.363219,0.562341,5,512
8,muscle,5.0,5.0,135.363219,0.562341,5,512
9,mixed,5.0,5.0,135.363219,0.562341,5,512
